{"ui/down_arrow.png":{"cut":[{"y":0,"x":0},{"y":0,"x":0}],"y":143,"extData":"","w":15,"h":9,"offY":0,"type":"D5Bitmap","offX":0,"x":414},"ui/table_tr.png":{"cut":[{"y":0,"x":4},{"y":0,"x":0}],"y":50,"extData":"","w":17,"h":24,"offY":0,"type":"D5MirrorLoop","offX":0,"x":458},"ui/v2/6.png":{"cut":[{"y":0,"x":0},{"y":0,"x":0}],"y":8,"extData":"","w":15,"h":15,"offY":0,"type":"D5Bitmap","offX":0,"x":932},"ui/v2/16.png":{"cut":[{"y":6,"x":19},{"y":15,"x":40}],"y":119,"extData":"","w":70,"h":26,"offY":0,"type":"D5Window","offX":0,"x":533},"resource/hloop0.png":{"cut":[{"y":0,"x":3},{"y":0,"x":0}],"y":1,"extData":"","w":24,"h":24,"offY":0,"type":"D5MirrorLoop","offX":0,"x":215},"ui/btn_small1.png":{"cut":[{"y":0,"x":0},{"y":0,"x":0}],"y":235,"extData":"","w":232,"h":22,"offY":0,"type":"D5Button","offX":0,"x":288},"ui/v2/19.png":{"cut":[{"y":0,"x":0},{"y":0,"x":0}],"y":335,"extData":"","w":416,"h":22,"offY":0,"type":"D5Button","offX":0,"x":300},"ui/v2/10.png":{"cut":[{"y":0,"x":0},{"y":0,"x":0}],"y":113,"extData":"","w":52,"h":13,"offY":0,"type":"D5Button","offX":0,"x":821},"resource/line0.png":{"cut":[{"y":0,"x":4},{"y":0,"x":0}],"y":135,"extData":"","w":23,"h":2,"offY":0,"type":"D5MirrorLoop","offX":0,"x":395},"asset/icon/icon9.png":{"cut":[{"y":0,"x":0},{"y":0,"x":0}],"y":393,"extData":"","w":17,"h":17,"offY":0,"type":"D5Bitmap","offX":0,"x":379},"ui/font/icon_enter.png":{"cut":[{"y":0,"x":0},{"y":0,"x":0}],"y":372,"extData":"","w":13,"h":13,"offY":0,"type":"D5Bitmap","offX":0,"x":558},"ui/template/default/box5.png":{"cut":[{"y":5,"x":6},{"y":0,"x":0}],"y":46,"extData":"","w":11,"h":9,"offY":0,"type":"D5MirrorBox","offX":0,"x":165},"asset/icon/icon4.png":{"cut":[{"y":0,"x":0},{"y":0,"x":0}],"y":394,"extData":"","w":17,"h":17,"offY":0,"type":"D5Bitmap","offX":0,"x":422},"ui/template/default/b09.png":{"cut":[{"y":0,"x":0},{"y":0,"x":0}],"y":366,"extData":"","w":260,"h":23,"offY":0,"type":"D5Button","offX":0,"x":13},"ui/align_right.png":{"cut":[{"y":0,"x":0},{"y":0,"x":0}],"y":227,"extData":"","w":15,"h":15,"offY":0,"type":"D5Bitmap","offX":0,"x":201},"ui/itemBg.png":{"cut":[{"y":6,"x":8},{"y":0,"x":0}],"y":127,"extData":"","w":13,"h":9,"offY":0,"type":"D5MirrorBox","offX":0,"x":165},"ui/template/default/btn9.png":{"cut":[{"y":0,"x":0},{"y":0,"x":0}],"y":38,"extData":"","w":76,"h":19,"offY":0,"type":"D5RadioBtn","offX":0,"x":721},"ui/win_shadow.png":{"cut":[{"y":44,"x":15},{"y":107,"x":128}],"y":4,"extData":"","w":141,"h":121,"offY":0,"type":"D5Window","offX":0,"x":5},"ui/v2/28.png":{"cut":[{"y":0,"x":0},{"y":0,"x":0}],"y":113,"extData":"","w":52,"h":13,"offY":0,"type":"D5Button","offX":0,"x":963},"ui/template/default/btn0.png":{"cut":[{"y":0,"x":0},{"y":0,"x":0}],"y":49,"extData":"","w":248,"h":26,"offY":0,"type":"D5Button","offX":0,"x":207},"ui/btn_slider.png":{"cut":[{"y":7,"x":7},{"y":0,"x":0}],"y":145,"extData":"","w":52,"h":13,"offY":0,"type":"D5Button","offX":0,"x":454},"ui/icon_slider.png":{"cut":[{"y":0,"x":0},{"y":0,"x":0}],"y":170,"extData":"","w":7,"h":11,"offY":0,"type":"D5Bitmap","offX":0,"x":430},"ui/arrow.png":{"cut":[{"y":0,"x":0},{"y":0,"x":0}],"y":14,"extData":"","w":3,"h":5,"offY":0,"type":"D5Bitmap","offX":0,"x":575},"ui/template/default/k01.png":{"cut":[{"y":6,"x":4},{"y":0,"x":0}],"y":51,"extData":"","w":10,"h":9,"offY":0,"type":"D5MirrorBox","offX":0,"x":542},"ui/v2/23.png":{"cut":[{"y":0,"x":0},{"y":0,"x":0}],"y":7,"extData":"","w":84,"h":26,"offY":0,"type":"D5Button","offX":0,"x":972},"resource/title.png":{"cut":[{"y":0,"x":0},{"y":0,"x":0}],"y":3,"extData":"","w":128,"h":17,"offY":0,"type":"D5Bitmap","offX":0,"x":241},"ui/v2/12.png":{"cut":[{"y":21,"x":0},{"y":0,"x":0}],"y":148,"extData":"","w":13,"h":38,"offY":0,"type":"D5MirrorLoop","offX":0,"x":815},"ui/template/default/b08.png":{"cut":[{"y":0,"x":0},{"y":0,"x":0}],"y":341,"extData":"","w":260,"h":23,"offY":0,"type":"D5Button","offX":0,"x":8},"ui/v2/5.png":{"cut":[{"y":0,"x":0},{"y":0,"x":0}],"y":8,"extData":"","w":15,"h":15,"offY":0,"type":"D5Bitmap","offX":0,"x":845},"ui/template/default/btn2.png":{"cut":[{"y":0,"x":0},{"y":0,"x":0}],"y":27,"extData":"","w":160,"h":20,"offY":0,"type":"D5Button","offX":0,"x":215},"ui/v2/9.png":{"cut":[{"y":0,"x":0},{"y":0,"x":0}],"y":113,"extData":"","w":52,"h":13,"offY":0,"type":"D5Button","offX":0,"x":893},"ui/v2/27.png":{"cut":[{"y":0,"x":0},{"y":0,"x":0}],"y":113,"extData":"","w":52,"h":13,"offY":0,"type":"D5Button","offX":0,"x":1033},"resource/content_bar.png":{"cut":[{"y":0,"x":3},{"y":0,"x":0}],"y":100,"extData":"","w":28,"h":28,"offY":0,"type":"D5MirrorLoop","offX":0,"x":340},"ui/v2/18.png":{"cut":[{"y":17,"x":13},{"y":0,"x":0}],"y":119,"extData":"","w":24,"h":25,"offY":0,"type":"D5MirrorBox","offX":0,"x":629},"ui/arrow_left.png":{"cut":[{"y":0,"x":0},{"y":0,"x":0}],"y":134,"extData":"","w":9,"h":15,"offY":0,"type":"D5Bitmap","offX":0,"x":198},"ui/template/default/s01.png":{"cut":[{"y":0,"x":4},{"y":0,"x":0}],"y":9,"extData":"","w":8,"h":2,"offY":0,"type":"D5MirrorLoop","offX":0,"x":533},"resource/btn_up.png":{"cut":[{"y":0,"x":0},{"y":0,"x":0}],"y":156,"extData":"","w":52,"h":13,"offY":0,"type":"D5Button","offX":0,"x":374},"ui/up_arrow.png":{"cut":[{"y":0,"x":0},{"y":0,"x":0}],"y":142,"extData":"","w":15,"h":9,"offY":0,"type":"D5Bitmap","offX":0,"x":397},"ui/template/default/btn10.png":{"cut":[{"y":0,"x":0},{"y":0,"x":0}],"y":318,"extData":"","w":260,"h":23,"offY":0,"type":"D5Button","offX":0,"x":5},"asset/icon/icon5.png":{"cut":[{"y":0,"x":0},{"y":0,"x":0}],"y":370,"extData":"","w":17,"h":17,"offY":0,"type":"D5Bitmap","offX":0,"x":432},"ui/align_bottom.png":{"cut":[{"y":0,"x":0},{"y":0,"x":0}],"y":228,"extData":"","w":15,"h":15,"offY":0,"type":"D5Bitmap","offX":0,"x":170},"ui/v2/11.png":{"cut":[{"y":4,"x":4},{"y":0,"x":0}],"y":111,"extData":"","w":52,"h":82,"offY":0,"type":"D5Button","offX":0,"x":745},"ui/btn_more.png":{"cut":[{"y":0,"x":0},{"y":0,"x":0}],"y":5,"extData":"","w":72,"h":17,"offY":0,"type":"D5Button","offX":0,"x":454},"resource/btn_down.png":{"cut":[{"y":0,"x":0},{"y":0,"x":0}],"y":170,"extData":"","w":52,"h":13,"offY":0,"type":"D5Button","offX":0,"x":374},"ui/save.png":{"cut":[{"y":0,"x":0},{"y":0,"x":0}],"y":228,"extData":"","w":15,"h":15,"offY":0,"type":"D5Bitmap","offX":0,"x":137},"ui/font/icon_input.png":{"cut":[{"y":0,"x":0},{"y":0,"x":0}],"y":394,"extData":"","w":14,"h":14,"offY":0,"type":"D5Bitmap","offX":0,"x":533},"ui/template/default/windowShadow.png":{"cut":[{"y":53,"x":43},{"y":134,"x":171}],"y":394,"extData":"","w":195,"h":164,"offY":0,"type":"D5Window","offX":0,"x":4},"ui/template/default/b02.png":{"cut":[{"y":0,"x":0},{"y":0,"x":0}],"y":253,"extData":"","w":276,"h":22,"offY":0,"type":"D5Button","offX":0,"x":5},"ui/v2/1.png":{"cut":[{"y":12,"x":15},{"y":30,"x":60}],"y":299,"extData":"","w":104,"h":72,"offY":0,"type":"D5Window","offX":0,"x":988},"ui/line.png":{"cut":[{"y":0,"x":6},{"y":0,"x":0}],"y":54,"extData":"","w":18,"h":2,"offY":0,"type":"D5MirrorLoop","offX":0,"x":673},"ui/align_avg_center.png":{"cut":[{"y":0,"x":0},{"y":0,"x":0}],"y":210,"extData":"","w":15,"h":15,"offY":0,"type":"D5Bitmap","offX":0,"x":204},"asset/icon/icon14.png":{"cut":[{"y":0,"x":0},{"y":0,"x":0}],"y":371,"extData":"","w":17,"h":17,"offY":0,"type":"D5Bitmap","offX":0,"x":322},"ui/template/default/b03.png":{"cut":[{"y":0,"x":0},{"y":0,"x":0}],"y":277,"extData":"","w":800,"h":40,"offY":0,"type":"D5Button","offX":0,"x":5},"ui/font/icon_m.png":{"cut":[{"y":0,"x":0},{"y":0,"x":0}],"y":371,"extData":"","w":14,"h":14,"offY":0,"type":"D5Bitmap","offX":0,"x":538},"ui/v2/29.png":{"cut":[{"y":3,"x":3},{"y":0,"x":0}],"y":53,"extData":"","w":328,"h":13,"offY":0,"type":"D5Button","offX":0,"x":944},"ui/btn_simp.png":{"cut":[{"y":0,"x":0},{"y":0,"x":0}],"y":185,"extData":"","w":240,"h":22,"offY":0,"type":"D5Button","offX":0,"x":253},"ui/align_center.png":{"cut":[{"y":0,"x":0},{"y":0,"x":0}],"y":227,"extData":"","w":15,"h":15,"offY":0,"type":"D5Bitmap","offX":0,"x":186},"ui/layer_visible.png":{"cut":[{"y":0,"x":0},{"y":0,"x":0}],"y":228,"extData":"","w":15,"h":15,"offY":0,"type":"D5Bitmap","offX":0,"x":102},"resource/file_list_default.png":{"cut":[{"y":0,"x":6},{"y":0,"x":0}],"y":180,"extData":"","w":20,"h":28,"offY":0,"type":"D5MirrorLoop","offX":0,"x":185},"resource/notice.png":{"cut":[{"y":0,"x":0},{"y":0,"x":0}],"y":138,"extData":"","w":16,"h":16,"offY":0,"type":"D5Bitmap","offX":0,"x":377},"resource/file_list_over.png":{"cut":[{"y":0,"x":5},{"y":0,"x":0}],"y":180,"extData":"","w":22,"h":28,"offY":0,"type":"D5MirrorLoop","offX":0,"x":207},"ui/icon_btn.png":{"cut":[{"y":0,"x":0},{"y":0,"x":0}],"y":227,"extData":"","w":80,"h":20,"offY":0,"type":"D5Button","offX":0,"x":3},"resource/file_list_selected.png":{"cut":[{"y":0,"x":6},{"y":0,"x":0}],"y":180,"extData":"","w":20,"h":28,"offY":0,"type":"D5MirrorLoop","offX":0,"x":231},"resource/btn_ui_type.png":{"cut":[{"y":0,"x":0},{"y":0,"x":0}],"y":154,"extData":"","w":372,"h":24,"offY":0,"type":"D5Button","offX":0,"x":0},"ui/template/default/s02.png":{"cut":[{"y":0,"x":5},{"y":0,"x":0}],"y":8,"extData":"","w":9,"h":5,"offY":0,"type":"D5MirrorLoop","offX":0,"x":549},"ui/v2/30.png":{"cut":[{"y":0,"x":23},{"y":0,"x":0}],"y":150,"extData":"","w":38,"h":13,"offY":0,"type":"D5MirrorLoop","offX":0,"x":846},"ui/align_avg_right.png":{"cut":[{"y":0,"x":0},{"y":0,"x":0}],"y":210,"extData":"","w":15,"h":15,"offY":0,"type":"D5Bitmap","offX":0,"x":257},"asset/icon/icon17.png":{"cut":[{"y":0,"x":0},{"y":0,"x":0}],"y":395,"extData":"","w":17,"h":16,"offY":0,"type":"D5Bitmap","offX":0,"x":489},"asset/icon/icon7.png":{"cut":[{"y":0,"x":0},{"y":0,"x":0}],"y":369,"extData":"","w":17,"h":17,"offY":0,"type":"D5Bitmap","offX":0,"x":388},"ui/Folder_Open.png":{"cut":[{"y":0,"x":0},{"y":0,"x":0}],"y":227,"extData":"","w":15,"h":15,"offY":0,"type":"D5Bitmap","offX":0,"x":119},"ui/v2/3.png":{"cut":[{"y":14,"x":16},{"y":30,"x":60}],"y":212,"extData":"","w":104,"h":72,"offY":0,"type":"D5Window","offX":0,"x":1090},"ui/move.png":{"cut":[{"y":0,"x":0},{"y":0,"x":0}],"y":84,"extData":"","w":14,"h":16,"offY":0,"type":"D5Bitmap","offX":0,"x":707},"ui/align_top.png":{"cut":[{"y":0,"x":0},{"y":0,"x":0}],"y":227,"extData":"","w":15,"h":15,"offY":0,"type":"D5Bitmap","offX":0,"x":217},"ui/arrow_right.png":{"cut":[{"y":0,"x":0},{"y":0,"x":0}],"y":134,"extData":"","w":9,"h":15,"offY":0,"type":"D5Bitmap","offX":0,"x":184},"asset/icon/icon12.png":{"cut":[{"y":0,"x":0},{"y":0,"x":0}],"y":369,"extData":"","w":17,"h":17,"offY":0,"type":"D5Bitmap","offX":0,"x":365},"ui_bak0724/template/default/t05.png":{"cut":[{"y":0,"x":0},{"y":0,"x":0}],"y":84,"extData":"","w":7,"h":20,"offY":0,"type":"D5Bitmap","offX":0,"x":166},"ui/v2/4.png":{"cut":[{"y":15,"x":17},{"y":30,"x":60}],"y":211,"extData":"","w":104,"h":72,"offY":0,"type":"D5Window","offX":0,"x":965},"ui/v2/2.png":{"cut":[{"y":15,"x":19},{"y":30,"x":60}],"y":299,"extData":"","w":104,"h":72,"offY":0,"type":"D5Window","offX":0,"x":860},"asset/icon/icon3.png":{"cut":[{"y":0,"x":0},{"y":0,"x":0}],"y":394,"extData":"","w":17,"h":17,"offY":0,"type":"D5Bitmap","offX":0,"x":444},"ui/template/default/box4.png":{"cut":[{"y":6,"x":6},{"y":0,"x":0}],"y":78,"extData":"","w":40,"h":40,"offY":0,"type":"D5MirrorBox","offX":0,"x":394},"resource/max.png":{"cut":[{"y":0,"x":0},{"y":0,"x":0}],"y":106,"extData":"","w":80,"h":20,"offY":0,"type":"D5Button","offX":0,"x":250},"ui/d5_icon.png":{"cut":[{"y":0,"x":0},{"y":0,"x":0}],"y":79,"extData":"","w":64,"h":64,"offY":0,"type":"D5Bitmap","offX":0,"x":437},"ui/btn_close2.png":{"cut":[{"y":0,"x":0},{"y":0,"x":0}],"y":5,"extData":"","w":72,"h":17,"offY":0,"type":"D5Button","offX":0,"x":374},"resource/pannle_bg0.png":{"cut":[{"y":7,"x":6},{"y":0,"x":0}],"y":118,"extData":"","w":16,"h":16,"offY":0,"type":"D5MirrorBox","offX":0,"x":374},"asset/icon/icon13.png":{"cut":[{"y":0,"x":0},{"y":0,"x":0}],"y":370,"extData":"","w":17,"h":17,"offY":0,"type":"D5Bitmap","offX":0,"x":343},"ui/btn_small0.png":{"cut":[{"y":0,"x":0},{"y":0,"x":0}],"y":211,"extData":"","w":152,"h":22,"offY":0,"type":"D5Button","offX":0,"x":306},"ui/listBg.png":{"cut":[{"y":10,"x":10},{"y":26,"x":22}],"y":7,"extData":"","w":39,"h":43,"offY":0,"type":"D5Window","offX":0,"x":670},"asset/icon/icon1.png":{"cut":[{"y":0,"x":0},{"y":0,"x":0}],"y":371,"extData":"","w":17,"h":16,"offY":0,"type":"D5Bitmap","offX":0,"x":456},"ui/align_avg_bottom.png":{"cut":[{"y":0,"x":0},{"y":0,"x":0}],"y":210,"extData":"","w":15,"h":15,"offY":0,"type":"D5Bitmap","offX":0,"x":186},"ui/table_td.png":{"cut":[{"y":0,"x":3},{"y":0,"x":0}],"y":50,"extData":"","w":18,"h":24,"offY":0,"type":"D5MirrorLoop","offX":0,"x":477},"ui/template/default/closeBtn0.png":{"cut":[{"y":0,"x":0},{"y":0,"x":0}],"y":132,"extData":"","w":80,"h":20,"offY":0,"type":"D5Button","offX":0,"x":214},"ui/template/default/k02.png":{"cut":[{"y":10,"x":11},{"y":0,"x":0}],"y":80,"extData":"","w":23,"h":22,"offY":0,"type":"D5MirrorBox","offX":0,"x":250},"asset/icon/icon15.png":{"cut":[{"y":0,"x":0},{"y":0,"x":0}],"y":369,"extData":"","w":18,"h":18,"offY":0,"type":"D5Bitmap","offX":0,"x":301},"ui/v2/8.png":{"cut":[{"y":0,"x":0},{"y":0,"x":0}],"y":8,"extData":"","w":15,"h":15,"offY":0,"type":"D5Bitmap","offX":0,"x":872},"asset/icon/icon2.png":{"cut":[{"y":0,"x":0},{"y":0,"x":0}],"y":395,"extData":"","w":17,"h":17,"offY":0,"type":"D5Bitmap","offX":0,"x":468},"asset/icon/icon10.png":{"cut":[{"y":0,"x":0},{"y":0,"x":0}],"y":393,"extData":"","w":17,"h":17,"offY":0,"type":"D5Bitmap","offX":0,"x":358},"ui_bak0724/template/default/b12.png":{"cut":[{"y":0,"x":0},{"y":0,"x":0}],"y":184,"extData":"","w":184,"h":22,"offY":0,"type":"D5Button","offX":0,"x":519},"ui/table_td_down.png":{"cut":[{"y":0,"x":3},{"y":0,"x":0}],"y":50,"extData":"","w":18,"h":24,"offY":0,"type":"D5MirrorLoop","offX":0,"x":497},"ui/font/icon_pw.png":{"cut":[{"y":0,"x":0},{"y":0,"x":0}],"y":372,"extData":"","w":14,"h":14,"offY":0,"type":"D5Bitmap","offX":0,"x":517},"ui/align_middle.png":{"cut":[{"y":0,"x":0},{"y":0,"x":0}],"y":227,"extData":"","w":15,"h":15,"offY":0,"type":"D5Bitmap","offX":0,"x":234},"ui/v2/13.png":{"cut":[{"y":12,"x":17},{"y":30,"x":60}],"y":213,"extData":"","w":104,"h":72,"offY":0,"type":"D5Window","offX":0,"x":849},"ui/v2/7.png":{"cut":[{"y":0,"x":0},{"y":0,"x":0}],"y":8,"extData":"","w":15,"h":15,"offY":0,"type":"D5Bitmap","offX":0,"x":902},"ui/windowNoShadow.png":{"cut":[{"y":38,"x":8},{"y":100,"x":118}],"y":402,"extData":"","w":125,"h":105,"offY":0,"type":"D5Window","offX":0,"x":204},"ui/template/default/btn00.png":{"cut":[{"y":0,"x":0},{"y":0,"x":0}],"y":62,"extData":"","w":76,"h":19,"offY":0,"type":"D5RadioBtn","offX":0,"x":721},"ui/v2/24.png":{"cut":[{"y":0,"x":0},{"y":0,"x":0}],"y":42,"extData":"","w":84,"h":26,"offY":0,"type":"D5Button","offX":0,"x":846},"ui/align_avg_left.png":{"cut":[{"y":0,"x":0},{"y":0,"x":0}],"y":210,"extData":"","w":15,"h":15,"offY":0,"type":"D5Bitmap","offX":0,"x":221},"ui/font/icon_b.png":{"cut":[{"y":0,"x":0},{"y":0,"x":0}],"y":397,"extData":"","w":6,"h":9,"offY":0,"type":"D5Bitmap","offX":0,"x":560},"asset/icon/icon6.png":{"cut":[{"y":0,"x":0},{"y":0,"x":0}],"y":369,"extData":"","w":17,"h":17,"offY":0,"type":"D5Bitmap","offX":0,"x":410},"ui/template/default/b05.png":{"cut":[{"y":0,"x":0},{"y":0,"x":0}],"y":238,"extData":"","w":232,"h":28,"offY":0,"type":"D5Button","offX":0,"x":529},"ui/font/icon_r.png":{"cut":[{"y":0,"x":0},{"y":0,"x":0}],"y":371,"extData":"","w":14,"h":14,"offY":0,"type":"D5Bitmap","offX":0,"x":498},"asset/icon/icon8.png":{"cut":[{"y":0,"x":0},{"y":0,"x":0}],"y":393,"extData":"","w":17,"h":17,"offY":0,"type":"D5Bitmap","offX":0,"x":401},"resource/top_bar.png":{"cut":[{"y":0,"x":4},{"y":0,"x":0}],"y":80,"extData":"","w":30,"h":30,"offY":0,"type":"D5MirrorLoop","offX":0,"x":210},"ui/table_td_over.png":{"cut":[{"y":0,"x":3},{"y":0,"x":0}],"y":50,"extData":"","w":18,"h":24,"offY":0,"type":"D5MirrorLoop","offX":0,"x":517},"ui/template/default/b06.png":{"cut":[{"y":0,"x":0},{"y":0,"x":0}],"y":82,"extData":"","w":168,"h":19,"offY":0,"type":"D5Button","offX":0,"x":536},"ui/template/default/t04.png":{"cut":[{"y":0,"x":0},{"y":0,"x":0}],"y":83,"extData":"","w":12,"h":2,"offY":0,"type":"D5Bitmap","offX":0,"x":519},"ui/delete.png":{"cut":[{"y":0,"x":0},{"y":0,"x":0}],"y":227,"extData":"","w":15,"h":15,"offY":0,"type":"D5Bitmap","offX":0,"x":87},"ui/template/default/b04.png":{"cut":[{"y":0,"x":0},{"y":0,"x":0}],"y":5,"extData":"","w":112,"h":28,"offY":0,"type":"D5Button","offX":0,"x":721},"ui/align_avg_top.png":{"cut":[{"y":0,"x":0},{"y":0,"x":0}],"y":210,"extData":"","w":15,"h":15,"offY":0,"type":"D5Bitmap","offX":0,"x":276},"ui/template/default/t01.png":{"cut":[{"y":0,"x":0},{"y":0,"x":0}],"y":147,"extData":"","w":20,"h":19,"offY":0,"type":"D5Bitmap","offX":0,"x":432},"resource/btn_add.png":{"cut":[{"y":0,"x":0},{"y":0,"x":0}],"y":180,"extData":"","w":176,"h":44,"offY":0,"type":"D5Button","offX":0,"x":1},"resource/help.png":{"cut":[{"y":0,"x":0},{"y":0,"x":0}],"y":79,"extData":"","w":16,"h":16,"offY":0,"type":"D5Bitmap","offX":0,"x":375},"asset/icon/icon0.png":{"cut":[{"y":0,"x":0},{"y":0,"x":0}],"y":371,"extData":"","w":13,"h":14,"offY":0,"type":"D5Bitmap","offX":0,"x":480},"ui/align_left.png":{"cut":[{"y":0,"x":0},{"y":0,"x":0}],"y":228,"extData":"","w":15,"h":15,"offY":0,"type":"D5Bitmap","offX":0,"x":154},"ui/close_icon.png":{"cut":[{"y":0,"x":0},{"y":0,"x":0}],"y":121,"extData":"","w":11,"h":11,"offY":0,"type":"D5Bitmap","offX":0,"x":412},"ui/template/default/t02.png":{"cut":[{"y":0,"x":0},{"y":0,"x":0}],"y":12,"extData":"","w":12,"h":12,"offY":0,"type":"D5Bitmap","offX":0,"x":166},"ui/cannvs2.png":{"cut":[{"y":52,"x":52},{"y":0,"x":0}],"y":10,"extData":"","w":70,"h":70,"offY":0,"type":"D5MirrorBox","offX":0,"x":591},"resource/pannle_bg.png":{"cut":[{"y":6,"x":7},{"y":0,"x":0}],"y":100,"extData":"","w":16,"h":16,"offY":0,"type":"D5MirrorBox","offX":0,"x":374},"ui/font/icon_l.png":{"cut":[{"y":0,"x":0},{"y":0,"x":0}],"y":395,"extData":"","w":14,"h":14,"offY":0,"type":"D5Bitmap","offX":0,"x":513},"resource/min.png":{"cut":[{"y":0,"x":0},{"y":0,"x":0}],"y":131,"extData":"","w":80,"h":20,"offY":0,"type":"D5Button","offX":0,"x":296},"asset/icon/icon11.png":{"cut":[{"y":0,"x":0},{"y":0,"x":0}],"y":393,"extData":"","w":17,"h":17,"offY":0,"type":"D5Bitmap","offX":0,"x":337},"resource/content_box.png":{"cut":[{"y":7,"x":7},{"y":0,"x":0}],"y":120,"extData":"","w":14,"h":14,"offY":0,"type":"D5MirrorBox","offX":0,"x":395},"asset/icon/icon16.png":{"cut":[{"y":0,"x":0},{"y":0,"x":0}],"y":370,"extData":"","w":17,"h":17,"offY":0,"type":"D5Bitmap","offX":0,"x":281},"ui/align_avg_middle.png":{"cut":[{"y":0,"x":0},{"y":0,"x":0}],"y":210,"extData":"","w":15,"h":15,"offY":0,"type":"D5Bitmap","offX":0,"x":239}}