<data nameString='D5Power' subUIResource='' width='1272' height='558'>
  <res path="ui/move.png" type="2" name="ui/move.png" posx="707" posy="84" offX="0" offY="0" w="14" h="16" cutx1="0" cuty1="0" cutx2="0" cuty2="0" label="" extData=""/>
  <res path="ui/line.png" type="5" name="ui/line.png" posx="673" posy="54" offX="0" offY="0" w="18" h="2" cutx1="6" cuty1="0" cutx2="0" cuty2="0" label="" extData=""/>
  <res path="ui/template/default/windowShadow.png" type="1" name="instance528" posx="4" posy="394" offX="0" offY="0" w="195" h="164" cutx1="43" cuty1="53" cutx2="171" cuty2="134" label="" extData=""/>
  <res path="resource/hloop0.png" type="5" name="instance864" posx="215" posy="1" offX="0" offY="0" w="24" h="24" cutx1="3" cuty1="0" cutx2="0" cuty2="0" label="" extData=""/>
  <res path="ui/template/default/btn2.png" type="4" name="instance1804" posx="215" posy="27" offX="0" offY="0" w="160" h="20" cutx1="0" cuty1="0" cutx2="0" cuty2="0" label="" extData=""/>
  <res path="ui/template/default/btn0.png" type="4" name="instance899" posx="207" posy="49" offX="0" offY="0" w="248" h="26" cutx1="0" cuty1="0" cutx2="0" cuty2="0" label="" extData=""/>
  <res path="ui/template/default/btn9.png" type="7" name="instance1111" posx="721" posy="38" offX="0" offY="0" w="76" h="19" cutx1="0" cuty1="0" cutx2="0" cuty2="0" label="" extData=""/>
  <res path="ui/template/default/btn00.png" type="7" name="instance1374" posx="721" posy="62" offX="0" offY="0" w="76" h="19" cutx1="0" cuty1="0" cutx2="0" cuty2="0" label="" extData=""/>
  <res path="resource/top_bar.png" type="5" name="instance1755" posx="210" posy="80" offX="0" offY="0" w="30" h="30" cutx1="4" cuty1="0" cutx2="0" cuty2="0" label="" extData=""/>
  <res path="ui/template/default/closeBtn0.png" type="4" name="instance1989" posx="214" posy="132" offX="0" offY="0" w="80" h="20" cutx1="0" cuty1="0" cutx2="0" cuty2="0" label="" extData=""/>
  <res path="resource/title.png" type="2" name="instance551" posx="241" posy="3" offX="0" offY="0" w="128" h="17" cutx1="0" cuty1="0" cutx2="0" cuty2="0" label="" extData=""/>
  <res path="resource/max.png" type="4" name="instance944" posx="250" posy="106" offX="0" offY="0" w="80" h="20" cutx1="0" cuty1="0" cutx2="0" cuty2="0" label="" extData=""/>
  <res path="resource/min.png" type="4" name="instance1195" posx="296" posy="131" offX="0" offY="0" w="80" h="20" cutx1="0" cuty1="0" cutx2="0" cuty2="0" label="" extData=""/>
  <res path="resource/btn_ui_type.png" type="4" name="instance710" posx="0" posy="154" offX="0" offY="0" w="372" h="24" cutx1="0" cuty1="0" cutx2="0" cuty2="0" label="" extData=""/>
  <res path="resource/content_bar.png" type="5" name="instance1119" posx="340" posy="100" offX="0" offY="0" w="28" h="28" cutx1="3" cuty1="0" cutx2="0" cuty2="0" label="" extData=""/>
  <res path="resource/pannle_bg.png" type="3" name="instance1379" posx="374" posy="100" offX="0" offY="0" w="16" h="16" cutx1="7" cuty1="6" cutx2="0" cuty2="0" label="" extData=""/>
  <res path="resource/pannle_bg0.png" type="3" name="instance1726" posx="374" posy="118" offX="0" offY="0" w="16" h="16" cutx1="6" cuty1="7" cutx2="0" cuty2="0" label="" extData=""/>
  <res path="resource/help.png" type="2" name="instance1999" posx="375" posy="79" offX="0" offY="0" w="16" h="16" cutx1="0" cuty1="0" cutx2="0" cuty2="0" label="" extData=""/>
  <res path="ui/template/default/box4.png" type="3" name="instance2268" posx="394" posy="78" offX="0" offY="0" w="40" h="40" cutx1="6" cuty1="6" cutx2="0" cuty2="0" label="" extData=""/>
  <res path="resource/notice.png" type="2" name="instance2737" posx="377" posy="138" offX="0" offY="0" w="16" h="16" cutx1="0" cuty1="0" cutx2="0" cuty2="0" label="" extData=""/>
  <res path="ui/template/default/btn10.png" type="4" name="instance3010" posx="5" posy="318" offX="0" offY="0" w="260" h="23" cutx1="0" cuty1="0" cutx2="0" cuty2="0" label="" extData=""/>
  <res path="resource/content_box.png" type="3" name="instance562" posx="395" posy="120" offX="0" offY="0" w="14" h="14" cutx1="7" cuty1="7" cutx2="0" cuty2="0" label="" extData=""/>
  <res path="resource/line0.png" type="5" name="instance677" posx="395" posy="135" offX="0" offY="0" w="23" h="2" cutx1="4" cuty1="0" cutx2="0" cuty2="0" label="" extData=""/>
  <res path="resource/btn_up.png" type="4" name="instance962" posx="374" posy="156" offX="0" offY="0" w="52" h="13" cutx1="0" cuty1="0" cutx2="0" cuty2="0" label="" extData=""/>
  <res path="resource/btn_add.png" type="4" name="instance1249" posx="1" posy="180" offX="0" offY="0" w="176" h="44" cutx1="0" cuty1="0" cutx2="0" cuty2="0" label="" extData=""/>
  <res path="resource/file_list_default.png" type="5" name="instance1541" posx="185" posy="180" offX="0" offY="0" w="20" h="28" cutx1="6" cuty1="0" cutx2="0" cuty2="0" label="" extData=""/>
  <res path="resource/file_list_over.png" type="5" name="instance1837" posx="207" posy="180" offX="0" offY="0" w="22" h="28" cutx1="5" cuty1="0" cutx2="0" cuty2="0" label="" extData=""/>
  <res path="resource/file_list_selected.png" type="5" name="instance2136" posx="231" posy="180" offX="0" offY="0" w="20" h="28" cutx1="6" cuty1="0" cutx2="0" cuty2="0" label="" extData=""/>
  <res path="resource/btn_down.png" type="4" name="instance2436" posx="374" posy="170" offX="0" offY="0" w="52" h="13" cutx1="0" cuty1="0" cutx2="0" cuty2="0" label="" extData=""/>
  <res path="ui/btn_close2.png" type="4" name="ui/btn_close2.png" posx="374" posy="5" offX="0" offY="0" w="72" h="17" cutx1="0" cuty1="0" cutx2="0" cuty2="0" label="" extData=""/>
  <res path="ui/btn_more.png" type="4" name="ui/btn_more.png" posx="454" posy="5" offX="0" offY="0" w="72" h="17" cutx1="0" cuty1="0" cutx2="0" cuty2="0" label="" extData=""/>
  <res path="ui/btn_simp.png" type="4" name="ui/btn_simp.png" posx="253" posy="185" offX="0" offY="0" w="240" h="22" cutx1="0" cuty1="0" cutx2="0" cuty2="0" label="" extData=""/>
  <res path="ui/up_arrow.png" type="2" name="ui/up_arrow.png" posx="397" posy="142" offX="0" offY="0" w="15" h="9" cutx1="0" cuty1="0" cutx2="0" cuty2="0" label="" extData=""/>
  <res path="ui/down_arrow.png" type="2" name="ui/down_arrow.png" posx="414" posy="143" offX="0" offY="0" w="15" h="9" cutx1="0" cuty1="0" cutx2="0" cuty2="0" label="" extData=""/>
  <res path="ui/close_icon.png" type="2" name="ui/close_icon.png" posx="412" posy="121" offX="0" offY="0" w="11" h="11" cutx1="0" cuty1="0" cutx2="0" cuty2="0" label="" extData=""/>
  <res path="ui/d5_icon.png" type="2" name="ui/d5_icon.png" posx="437" posy="79" offX="0" offY="0" w="64" h="64" cutx1="0" cuty1="0" cutx2="0" cuty2="0" label="" extData=""/>
  <res path="ui/table_tr.png" type="5" name="ui/table_tr.png" posx="458" posy="50" offX="0" offY="0" w="17" h="24" cutx1="4" cuty1="0" cutx2="0" cuty2="0" label="" extData=""/>
  <res path="ui/table_td.png" type="5" name="ui/table_td.png" posx="477" posy="50" offX="0" offY="0" w="18" h="24" cutx1="3" cuty1="0" cutx2="0" cuty2="0" label="" extData=""/>
  <res path="ui/icon_btn.png" type="4" name="ui/icon_btn.png" posx="3" posy="227" offX="0" offY="0" w="80" h="20" cutx1="0" cuty1="0" cutx2="0" cuty2="0" label="" extData=""/>
  <res path="ui/delete.png" type="2" name="ui/delete.png" posx="87" posy="227" offX="0" offY="0" w="15" h="15" cutx1="0" cuty1="0" cutx2="0" cuty2="0" label="" extData=""/>
  <res path="ui/layer_visible.png" type="2" name="ui/layer_visible.png" posx="102" posy="228" offX="0" offY="0" w="15" h="15" cutx1="0" cuty1="0" cutx2="0" cuty2="0" label="" extData=""/>
  <res path="ui/table_td_down.png" type="5" name="ui/table_td_down.png" posx="497" posy="50" offX="0" offY="0" w="18" h="24" cutx1="3" cuty1="0" cutx2="0" cuty2="0" label="" extData=""/>
  <res path="ui/table_td_over.png" type="5" name="ui/table_td_over.png" posx="517" posy="50" offX="0" offY="0" w="18" h="24" cutx1="3" cuty1="0" cutx2="0" cuty2="0" label="" extData=""/>
  <res path="ui/Folder_Open.png" type="2" name="ui/Folder_Open.png" posx="119" posy="227" offX="0" offY="0" w="15" h="15" cutx1="0" cuty1="0" cutx2="0" cuty2="0" label="" extData=""/>
  <res path="ui/save.png" type="2" name="ui/save.png" posx="137" posy="228" offX="0" offY="0" w="15" h="15" cutx1="0" cuty1="0" cutx2="0" cuty2="0" label="" extData=""/>
  <res path="ui/align_left.png" type="2" name="ui/align_left.png" posx="154" posy="228" offX="0" offY="0" w="15" h="15" cutx1="0" cuty1="0" cutx2="0" cuty2="0" label="" extData=""/>
  <res path="ui/align_bottom.png" type="2" name="ui/align_bottom.png" posx="170" posy="228" offX="0" offY="0" w="15" h="15" cutx1="0" cuty1="0" cutx2="0" cuty2="0" label="" extData=""/>
  <res path="ui/align_center.png" type="2" name="ui/align_center.png" posx="186" posy="227" offX="0" offY="0" w="15" h="15" cutx1="0" cuty1="0" cutx2="0" cuty2="0" label="" extData=""/>
  <res path="ui/align_right.png" type="2" name="ui/align_right.png" posx="201" posy="227" offX="0" offY="0" w="15" h="15" cutx1="0" cuty1="0" cutx2="0" cuty2="0" label="" extData=""/>
  <res path="ui/align_top.png" type="2" name="ui/align_top.png" posx="217" posy="227" offX="0" offY="0" w="15" h="15" cutx1="0" cuty1="0" cutx2="0" cuty2="0" label="" extData=""/>
  <res path="ui/align_middle.png" type="2" name="ui/align_middle.png" posx="234" posy="227" offX="0" offY="0" w="15" h="15" cutx1="0" cuty1="0" cutx2="0" cuty2="0" label="" extData=""/>
  <res path="ui/align_avg_bottom.png" type="2" name="ui/align_avg_bottom.png" posx="186" posy="210" offX="0" offY="0" w="15" h="15" cutx1="0" cuty1="0" cutx2="0" cuty2="0" label="" extData=""/>
  <res path="ui/align_avg_center.png" type="2" name="ui/align_avg_center.png" posx="204" posy="210" offX="0" offY="0" w="15" h="15" cutx1="0" cuty1="0" cutx2="0" cuty2="0" label="" extData=""/>
  <res path="ui/align_avg_left.png" type="2" name="ui/align_avg_left.png" posx="221" posy="210" offX="0" offY="0" w="15" h="15" cutx1="0" cuty1="0" cutx2="0" cuty2="0" label="" extData=""/>
  <res path="ui/align_avg_middle.png" type="2" name="ui/align_avg_middle.png" posx="239" posy="210" offX="0" offY="0" w="15" h="15" cutx1="0" cuty1="0" cutx2="0" cuty2="0" label="" extData=""/>
  <res path="ui/align_avg_right.png" type="2" name="ui/align_avg_right.png" posx="257" posy="210" offX="0" offY="0" w="15" h="15" cutx1="0" cuty1="0" cutx2="0" cuty2="0" label="" extData=""/>
  <res path="ui/align_avg_top.png" type="2" name="ui/align_avg_top.png" posx="276" posy="210" offX="0" offY="0" w="15" h="15" cutx1="0" cuty1="0" cutx2="0" cuty2="0" label="" extData=""/>
  <res path="ui/win_shadow.png" type="1" name="ui/win_shadow.png" posx="5" posy="4" offX="0" offY="0" w="141" h="121" cutx1="15" cuty1="44" cutx2="128" cuty2="107" label="" extData=""/>
  <res path="ui/btn_small0.png" type="4" name="ui/btn_small0.png" posx="306" posy="211" offX="0" offY="0" w="152" h="22" cutx1="0" cuty1="0" cutx2="0" cuty2="0" label="" extData=""/>
  <res path="ui/btn_small1.png" type="4" name="ui/btn_small1.png" posx="288" posy="235" offX="0" offY="0" w="232" h="22" cutx1="0" cuty1="0" cutx2="0" cuty2="0" label="" extData=""/>
  <res path="ui/cannvs2.png" type="3" name="ui/cannvs2.png" posx="591" posy="10" offX="0" offY="0" w="70" h="70" cutx1="52" cuty1="52" cutx2="0" cuty2="0" label="" extData=""/>
  <res path="ui/listBg.png" type="1" name="ui/listBg.png" posx="670" posy="7" offX="0" offY="0" w="39" h="43" cutx1="10" cuty1="10" cutx2="22" cuty2="26" label="" extData=""/>
  <res path="ui/arrow.png" type="2" name="ui/arrow.png" posx="575" posy="14" offX="0" offY="0" w="3" h="5" cutx1="0" cuty1="0" cutx2="0" cuty2="0" label="" extData=""/>
  <res path="ui/template/default/b02.png" type="4" name="ui/template/default/b02.png" posx="5" posy="253" offX="0" offY="0" w="276" h="22" cutx1="0" cuty1="0" cutx2="0" cuty2="0" label="" extData=""/>
  <res path="ui/template/default/b03.png" type="4" name="ui/template/default/b03.png" posx="5" posy="277" offX="0" offY="0" w="800" h="40" cutx1="0" cuty1="0" cutx2="0" cuty2="0" label="" extData=""/>
  <res path="ui/template/default/b04.png" type="4" name="ui/template/default/b04.png" posx="721" posy="5" offX="0" offY="0" w="112" h="28" cutx1="0" cuty1="0" cutx2="0" cuty2="0" label="" extData=""/>
  <res path="ui/template/default/b05.png" type="4" name="ui/template/default/b05.png" posx="529" posy="238" offX="0" offY="0" w="232" h="28" cutx1="0" cuty1="0" cutx2="0" cuty2="0" label="" extData=""/>
  <res path="ui/template/default/s01.png" type="5" name="ui/template/default/s01.png" posx="533" posy="9" offX="0" offY="0" w="8" h="2" cutx1="4" cuty1="0" cutx2="0" cuty2="0" label="" extData=""/>
  <res path="ui/template/default/s02.png" type="5" name="ui/template/default/s02.png" posx="549" posy="8" offX="0" offY="0" w="9" h="5" cutx1="5" cuty1="0" cutx2="0" cuty2="0" label="" extData=""/>
  <res path="ui/template/default/k01.png" type="3" name="ui/template/default/k01.png" posx="542" posy="51" offX="0" offY="0" w="10" h="9" cutx1="4" cuty1="6" cutx2="0" cuty2="0" label="" extData=""/>
  <res path="ui/template/default/t01.png" type="2" name="ui/template/default/t01.png" posx="432" posy="147" offX="0" offY="0" w="20" h="19" cutx1="0" cuty1="0" cutx2="0" cuty2="0" label="" extData=""/>
  <res path="ui/template/default/b06.png" type="4" name="ui/template/default/b06.png" posx="536" posy="82" offX="0" offY="0" w="168" h="19" cutx1="0" cuty1="0" cutx2="0" cuty2="0" label="" extData=""/>
  <res path="ui/template/default/t02.png" type="2" name="ui/template/default/t02.png" posx="166" posy="12" offX="0" offY="0" w="12" h="12" cutx1="0" cuty1="0" cutx2="0" cuty2="0" label="" extData=""/>
  <res path="ui/template/default/t04.png" type="2" name="ui/template/default/t04.png" posx="519" posy="83" offX="0" offY="0" w="12" h="2" cutx1="0" cuty1="0" cutx2="0" cuty2="0" label="" extData=""/>
  <res path="ui/template/default/b08.png" type="4" name="ui/template/default/b08.png" posx="8" posy="341" offX="0" offY="0" w="260" h="23" cutx1="0" cuty1="0" cutx2="0" cuty2="0" label="" extData=""/>
  <res path="ui/template/default/b09.png" type="4" name="ui/template/default/b09.png" posx="13" posy="366" offX="0" offY="0" w="260" h="23" cutx1="0" cuty1="0" cutx2="0" cuty2="0" label="" extData=""/>
  <res path="ui/template/default/k02.png" type="3" name="ui/template/default/k02.png" posx="250" posy="80" offX="0" offY="0" w="23" h="22" cutx1="11" cuty1="10" cutx2="0" cuty2="0" label="" extData=""/>
  <res path="ui_bak0724/template/default/t05.png" type="2" name="ui_bak0724/template/default/t05.png" posx="166" posy="84" offX="0" offY="0" w="7" h="20" cutx1="0" cuty1="0" cutx2="0" cuty2="0" label="" extData=""/>
  <res path="ui_bak0724/template/default/b12.png" type="4" name="ui_bak0724/template/default/b12.png" posx="519" posy="184" offX="0" offY="0" w="184" h="22" cutx1="0" cuty1="0" cutx2="0" cuty2="0" label="" extData=""/>
  <res path="ui/template/default/box5.png" type="3" name="ui/template/default/box5.png" posx="165" posy="46" offX="0" offY="0" w="11" h="9" cutx1="6" cuty1="5" cutx2="0" cuty2="0" label="" extData=""/>
  <res path="ui/itemBg.png" type="3" name="ui/itemBg.png" posx="165" posy="127" offX="0" offY="0" w="13" h="9" cutx1="8" cuty1="6" cutx2="0" cuty2="0" label="" extData=""/>
  <res path="ui/windowNoShadow.png" type="1" name="ui/windowNoShadow.png" posx="204" posy="402" offX="0" offY="0" w="125" h="105" cutx1="8" cuty1="38" cutx2="118" cuty2="100" label="" extData=""/>
  <res path="ui/btn_slider.png" type="4" name="ui/btn_slider.png" posx="454" posy="145" offX="0" offY="0" w="52" h="13" cutx1="7" cuty1="7" cutx2="0" cuty2="0" label="" extData=""/>
  <res path="ui/icon_slider.png" type="2" name="ui/icon_slider.png" posx="430" posy="170" offX="0" offY="0" w="7" h="11" cutx1="0" cuty1="0" cutx2="0" cuty2="0" label="" extData=""/>
  <res path="ui/v2/5.png" type="2" name="ui/v2/5.png" posx="845" posy="8" offX="0" offY="0" w="15" h="15" cutx1="0" cuty1="0" cutx2="0" cuty2="0" label="" extData=""/>
  <res path="ui/v2/6.png" type="2" name="ui/v2/6.png" posx="932" posy="8" offX="0" offY="0" w="15" h="15" cutx1="0" cuty1="0" cutx2="0" cuty2="0" label="" extData=""/>
  <res path="ui/v2/7.png" type="2" name="ui/v2/7.png" posx="902" posy="8" offX="0" offY="0" w="15" h="15" cutx1="0" cuty1="0" cutx2="0" cuty2="0" label="" extData=""/>
  <res path="ui/v2/8.png" type="2" name="ui/v2/8.png" posx="872" posy="8" offX="0" offY="0" w="15" h="15" cutx1="0" cuty1="0" cutx2="0" cuty2="0" label="" extData=""/>
  <res path="ui/v2/9.png" type="4" name="ui/v2/9.png" posx="893" posy="113" offX="0" offY="0" w="52" h="13" cutx1="0" cuty1="0" cutx2="0" cuty2="0" label="" extData=""/>
  <res path="ui/v2/10.png" type="4" name="ui/v2/10.png" posx="821" posy="113" offX="0" offY="0" w="52" h="13" cutx1="0" cuty1="0" cutx2="0" cuty2="0" label="" extData=""/>
  <res path="ui/v2/11.png" type="4" name="ui/v2/11.png" posx="745" posy="111" offX="0" offY="0" w="52" h="82" cutx1="4" cuty1="4" cutx2="0" cuty2="0" label="" extData=""/>
  <res path="ui/v2/19.png" type="4" name="ui/v2/19.png" posx="300" posy="335" offX="0" offY="0" w="416" h="22" cutx1="0" cuty1="0" cutx2="0" cuty2="0" label="" extData=""/>
  <res path="ui/v2/23.png" type="4" name="ui/v2/23.png" posx="972" posy="7" offX="0" offY="0" w="84" h="26" cutx1="0" cuty1="0" cutx2="0" cuty2="0" label="" extData=""/>
  <res path="ui/v2/24.png" type="4" name="ui/v2/24.png" posx="846" posy="42" offX="0" offY="0" w="84" h="26" cutx1="0" cuty1="0" cutx2="0" cuty2="0" label="" extData=""/>
  <res path="ui/v2/16.png" type="1" name="ui/v2/16.png" posx="533" posy="119" offX="0" offY="0" w="70" h="26" cutx1="19" cuty1="6" cutx2="40" cuty2="15" label="" extData=""/>
  <res path="ui/v2/18.png" type="3" name="ui/v2/18.png" posx="629" posy="119" offX="0" offY="0" w="24" h="25" cutx1="13" cuty1="17" cutx2="0" cuty2="0" label="" extData=""/>
  <res path="ui/v2/12.png" type="8" name="ui/v2/12.png" posx="815" posy="148" offX="0" offY="0" w="13" h="38" cutx1="0" cuty1="21" cutx2="0" cuty2="0" label="" extData=""/>
  <res path="ui/v2/30.png" type="5" name="ui/v2/30.png" posx="846" posy="150" offX="0" offY="0" w="38" h="13" cutx1="23" cuty1="0" cutx2="0" cuty2="0" label="" extData=""/>
  <res path="ui/v2/27.png" type="4" name="ui/v2/27.png" posx="1033" posy="113" offX="0" offY="0" w="52" h="13" cutx1="0" cuty1="0" cutx2="0" cuty2="0" label="" extData=""/>
  <res path="ui/v2/28.png" type="4" name="ui/v2/28.png" posx="963" posy="113" offX="0" offY="0" w="52" h="13" cutx1="0" cuty1="0" cutx2="0" cuty2="0" label="" extData=""/>
  <res path="ui/v2/29.png" type="4" name="ui/v2/29.png" posx="944" posy="53" offX="0" offY="0" w="328" h="13" cutx1="3" cuty1="3" cutx2="0" cuty2="0" label="" extData=""/>
  <res path="ui/v2/1.png" type="1" name="ui/v2/1.png" posx="988" posy="299" offX="0" offY="0" w="104" h="72" cutx1="15" cuty1="12" cutx2="60" cuty2="30" label="" extData=""/>
  <res path="ui/v2/2.png" type="1" name="ui/v2/2.png" posx="860" posy="299" offX="0" offY="0" w="104" h="72" cutx1="19" cuty1="15" cutx2="60" cuty2="30" label="" extData=""/>
  <res path="ui/v2/3.png" type="1" name="ui/v2/3.png" posx="1090" posy="212" offX="0" offY="0" w="104" h="72" cutx1="16" cuty1="14" cutx2="60" cuty2="30" label="" extData=""/>
  <res path="ui/v2/4.png" type="1" name="ui/v2/4.png" posx="965" posy="211" offX="0" offY="0" w="104" h="72" cutx1="17" cuty1="15" cutx2="60" cuty2="30" label="" extData=""/>
  <res path="ui/v2/13.png" type="1" name="ui/v2/13.png" posx="849" posy="213" offX="0" offY="0" w="104" h="72" cutx1="17" cuty1="12" cutx2="60" cuty2="30" label="" extData=""/>
  <res path="asset/icon/icon0.png" type="2" name="asset/icon/icon0.png" posx="480" posy="371" offX="0" offY="0" w="13" h="14" cutx1="0" cuty1="0" cutx2="0" cuty2="0" label="" extData=""/>
  <res path="asset/icon/icon1.png" type="2" name="asset/icon/icon1.png" posx="456" posy="371" offX="0" offY="0" w="17" h="16" cutx1="0" cuty1="0" cutx2="0" cuty2="0" label="" extData=""/>
  <res path="asset/icon/icon2.png" type="2" name="asset/icon/icon2.png" posx="468" posy="395" offX="0" offY="0" w="17" h="17" cutx1="0" cuty1="0" cutx2="0" cuty2="0" label="" extData=""/>
  <res path="asset/icon/icon3.png" type="2" name="asset/icon/icon3.png" posx="444" posy="394" offX="0" offY="0" w="17" h="17" cutx1="0" cuty1="0" cutx2="0" cuty2="0" label="" extData=""/>
  <res path="asset/icon/icon4.png" type="2" name="asset/icon/icon4.png" posx="422" posy="394" offX="0" offY="0" w="17" h="17" cutx1="0" cuty1="0" cutx2="0" cuty2="0" label="" extData=""/>
  <res path="asset/icon/icon5.png" type="2" name="asset/icon/icon5.png" posx="432" posy="370" offX="0" offY="0" w="17" h="17" cutx1="0" cuty1="0" cutx2="0" cuty2="0" label="" extData=""/>
  <res path="asset/icon/icon6.png" type="2" name="asset/icon/icon6.png" posx="410" posy="369" offX="0" offY="0" w="17" h="17" cutx1="0" cuty1="0" cutx2="0" cuty2="0" label="" extData=""/>
  <res path="asset/icon/icon7.png" type="2" name="asset/icon/icon7.png" posx="388" posy="369" offX="0" offY="0" w="17" h="17" cutx1="0" cuty1="0" cutx2="0" cuty2="0" label="" extData=""/>
  <res path="asset/icon/icon8.png" type="2" name="asset/icon/icon8.png" posx="401" posy="393" offX="0" offY="0" w="17" h="17" cutx1="0" cuty1="0" cutx2="0" cuty2="0" label="" extData=""/>
  <res path="asset/icon/icon9.png" type="2" name="asset/icon/icon9.png" posx="379" posy="393" offX="0" offY="0" w="17" h="17" cutx1="0" cuty1="0" cutx2="0" cuty2="0" label="" extData=""/>
  <res path="asset/icon/icon10.png" type="2" name="asset/icon/icon10.png" posx="358" posy="393" offX="0" offY="0" w="17" h="17" cutx1="0" cuty1="0" cutx2="0" cuty2="0" label="" extData=""/>
  <res path="asset/icon/icon11.png" type="2" name="asset/icon/icon11.png" posx="337" posy="393" offX="0" offY="0" w="17" h="17" cutx1="0" cuty1="0" cutx2="0" cuty2="0" label="" extData=""/>
  <res path="asset/icon/icon12.png" type="2" name="asset/icon/icon12.png" posx="365" posy="369" offX="0" offY="0" w="17" h="17" cutx1="0" cuty1="0" cutx2="0" cuty2="0" label="" extData=""/>
  <res path="asset/icon/icon13.png" type="2" name="asset/icon/icon13.png" posx="343" posy="370" offX="0" offY="0" w="17" h="17" cutx1="0" cuty1="0" cutx2="0" cuty2="0" label="" extData=""/>
  <res path="asset/icon/icon14.png" type="2" name="asset/icon/icon14.png" posx="322" posy="371" offX="0" offY="0" w="17" h="17" cutx1="0" cuty1="0" cutx2="0" cuty2="0" label="" extData=""/>
  <res path="asset/icon/icon15.png" type="2" name="asset/icon/icon15.png" posx="301" posy="369" offX="0" offY="0" w="18" h="18" cutx1="0" cuty1="0" cutx2="0" cuty2="0" label="" extData=""/>
  <res path="asset/icon/icon16.png" type="2" name="asset/icon/icon16.png" posx="281" posy="370" offX="0" offY="0" w="17" h="17" cutx1="0" cuty1="0" cutx2="0" cuty2="0" label="" extData=""/>
  <res path="asset/icon/icon17.png" type="2" name="asset/icon/icon17.png" posx="489" posy="395" offX="0" offY="0" w="17" h="16" cutx1="0" cuty1="0" cutx2="0" cuty2="0" label="" extData=""/>
  <res path="ui/font/icon_b.png" type="2" name="ui/font/icon_b.png" posx="560" posy="397" offX="0" offY="0" w="6" h="9" cutx1="0" cuty1="0" cutx2="0" cuty2="0" label="" extData=""/>
  <res path="ui/font/icon_enter.png" type="2" name="ui/font/icon_enter.png" posx="558" posy="372" offX="0" offY="0" w="13" h="13" cutx1="0" cuty1="0" cutx2="0" cuty2="0" label="" extData=""/>
  <res path="ui/font/icon_input.png" type="2" name="ui/font/icon_input.png" posx="533" posy="394" offX="0" offY="0" w="14" h="14" cutx1="0" cuty1="0" cutx2="0" cuty2="0" label="" extData=""/>
  <res path="ui/font/icon_l.png" type="2" name="ui/font/icon_l.png" posx="513" posy="395" offX="0" offY="0" w="14" h="14" cutx1="0" cuty1="0" cutx2="0" cuty2="0" label="" extData=""/>
  <res path="ui/font/icon_m.png" type="2" name="ui/font/icon_m.png" posx="538" posy="371" offX="0" offY="0" w="14" h="14" cutx1="0" cuty1="0" cutx2="0" cuty2="0" label="" extData=""/>
  <res path="ui/font/icon_pw.png" type="2" name="ui/font/icon_pw.png" posx="517" posy="372" offX="0" offY="0" w="14" h="14" cutx1="0" cuty1="0" cutx2="0" cuty2="0" label="" extData=""/>
  <res path="ui/font/icon_r.png" type="2" name="ui/font/icon_r.png" posx="498" posy="371" offX="0" offY="0" w="14" h="14" cutx1="0" cuty1="0" cutx2="0" cuty2="0" label="" extData=""/>
  <res path="ui/arrow_left.png" type="2" name="ui/arrow_left.png" posx="198" posy="134" offX="0" offY="0" w="9" h="15" cutx1="0" cuty1="0" cutx2="0" cuty2="0" label="" extData=""/>
  <res path="ui/arrow_right.png" type="2" name="ui/arrow_right.png" posx="184" posy="134" offX="0" offY="0" w="9" h="15" cutx1="0" cuty1="0" cutx2="0" cuty2="0" label="" extData=""/>
</data>